IP Address,First Seen,Last Seen,Reason(s) / Jail(s),Connection Attempts,Times Banned,ASN & Owner
154.83.12.89,2026-06-08 02:54:35,2026-06-08 02:54:35,SSH brute force,1,0,Unknown ASN/Provider
2.57.122.238,2026-06-08 03:03:29,2026-06-13 01:08:51,SSH brute force,30,6,Unknown ASN/Provider
45.148.10.183,2026-06-08 03:08:05,2026-06-12 03:08:38,SSH brute force,30,6,Unknown ASN/Provider
80.94.95.115,2026-06-08 03:09:58,2026-06-08 10:26:24,SSH brute force,8,0,Unknown ASN/Provider
185.156.73.233,2026-06-08 03:21:42,2026-06-08 12:34:49,SSH brute force,19,0,Unknown ASN/Provider
118.26.111.107,2026-06-08 03:57:06,2026-06-08 05:05:34,SSH brute force,8,0,Unknown ASN/Provider
80.94.95.116,2026-06-08 05:00:16,2026-06-08 12:37:00,SSH brute force,9,0,Unknown ASN/Provider
45.148.10.121,2026-06-08 05:33:35,2026-06-13 19:13:29,SSH brute force,79,0,Unknown ASN/Provider
80.94.92.171,2026-06-08 05:40:31,2026-06-10 01:09:05,SSH brute force,12,0,Unknown ASN/Provider
34.52.146.143,2026-06-08 07:03:27,2026-06-08 07:03:27,SSH brute force,1,0,AS15169 - Google Cloud
165.232.125.188,2026-06-08 07:33:59,2026-06-08 07:57:15,SSH brute force,2,0,AS14061 - DigitalOcean
64.62.156.189,2026-06-08 12:34:34,2026-06-08 12:34:34,SSH brute force,1,0,AS6939 - Hurricane Electric
8.221.139.48,2026-06-08 13:32:59,2026-06-08 13:32:59,SSH brute force,1,0,Unknown ASN/Provider
34.38.175.130,2026-06-08 14:38:25,2026-06-08 14:38:25,SSH brute force,1,0,AS15169 - Google Cloud
176.65.139.130,2026-06-08 15:20:04,2026-06-10 16:00:27,SSH brute force,5,0,Unknown ASN/Provider
80.94.92.182,2026-06-08 15:35:35,2026-06-12 10:34:11,SSH brute force,111,0,Unknown ASN/Provider
107.189.24.77,2026-06-08 16:12:33,2026-06-08 19:02:52,SSH brute force,9,0,Unknown ASN/Provider
218.71.38.151,2026-06-08 16:37:27,2026-06-08 16:37:27,SSH brute force,1,0,Unknown ASN/Provider
222.102.21.104,2026-06-08 16:49:33,2026-06-08 16:49:43,SSH brute force,5,1,Unknown ASN/Provider
213.209.159.56,2026-06-08 20:31:56,2026-06-13 18:32:57,SSH brute force,87,0,Unknown ASN/Provider
2.57.121.25,2026-06-08 20:32:37,2026-06-13 18:46:24,SSH brute force,65,0,Unknown ASN/Provider
2.57.121.112,2026-06-08 21:58:05,2026-06-13 16:36:45,SSH brute force,73,0,Unknown ASN/Provider
39.97.44.13,2026-06-08 22:42:13,2026-06-08 22:42:19,SSH brute force,5,1,Unknown ASN/Provider
47.83.242.81,2026-06-08 23:45:10,2026-06-08 23:45:10,SSH brute force,1,0,AS45102 - Alibaba Cloud
120.48.75.127,2026-06-09 02:42:46,2026-06-09 02:42:46,SSH brute force,1,0,Unknown ASN/Provider
102.220.160.39,2026-06-09 04:08:42,2026-06-09 04:08:42,SSH brute force,1,0,Unknown ASN/Provider
123.56.8.132,2026-06-09 05:08:13,2026-06-09 05:08:24,SSH brute force,5,1,AS37963 - Alibaba Cloud
47.101.137.46,2026-06-09 07:44:49,2026-06-09 07:44:49,SSH brute force,1,0,AS45102 - Alibaba Cloud
34.52.132.140,2026-06-09 07:57:05,2026-06-09 07:57:05,SSH brute force,1,0,AS15169 - Google Cloud
176.65.132.17,2026-06-09 08:53:36,2026-06-09 08:53:36,SSH brute force,1,0,Unknown ASN/Provider
80.94.92.184,2026-06-09 09:43:44,2026-06-09 12:21:37,SSH brute force,39,0,Unknown ASN/Provider
64.62.156.19,2026-06-09 10:47:06,2026-06-09 10:47:06,SSH brute force,1,0,AS6939 - Hurricane Electric
82.222.190.61,2026-06-09 10:48:31,2026-06-09 10:48:31,SSH brute force,2,0,Unknown ASN/Provider
91.92.42.10,2026-06-09 11:06:45,2026-06-09 11:06:45,SSH brute force,1,0,Unknown ASN/Provider
193.46.255.86,2026-06-09 11:31:58,2026-06-13 19:18:12,SSH brute force,16,0,Unknown ASN/Provider
170.75.242.105,2026-06-09 13:23:53,2026-06-09 13:23:53,SSH brute force,1,0,Unknown ASN/Provider
45.43.37.254,2026-06-09 14:21:08,2026-06-09 14:30:40,SSH brute force,2,0,Unknown ASN/Provider
178.253.31.121,2026-06-09 19:34:55,2026-06-10 05:07:38,SSH brute force,69,0,Unknown ASN/Provider
77.222.35.115,2026-06-09 19:45:43,2026-06-09 21:11:09,SSH brute force,7,0,Unknown ASN/Provider
213.209.159.158,2026-06-09 21:13:55,2026-06-12 18:03:44,SSH brute force,12,2,Unknown ASN/Provider
64.62.156.174,2026-06-10 00:43:55,2026-06-10 00:43:55,SSH brute force,1,0,AS6939 - Hurricane Electric
61.3.230.48,2026-06-10 02:52:03,2026-06-10 02:52:03,SSH brute force,1,0,Unknown ASN/Provider
34.38.45.137,2026-06-10 03:31:55,2026-06-10 03:31:55,SSH brute force,1,0,AS15169 - Google Cloud
104.155.37.162,2026-06-10 03:32:16,2026-06-10 03:32:16,SSH brute force,1,0,AS15169 - Google Cloud
117.89.254.46,2026-06-10 03:43:26,2026-06-10 03:49:28,SSH brute force,5,1,Unknown ASN/Provider
47.84.90.75,2026-06-10 04:20:00,2026-06-10 04:20:00,SSH brute force,1,0,AS45102 - Alibaba Cloud
101.47.28.226,2026-06-10 05:26:35,2026-06-10 05:26:41,SSH brute force,5,1,Unknown ASN/Provider
80.94.92.168,2026-06-10 06:43:29,2026-06-13 06:36:46,SSH brute force,2,0,Unknown ASN/Provider
107.155.48.46,2026-06-10 07:18:58,2026-06-10 07:18:58,SSH brute force,1,0,Unknown ASN/Provider
42.2.18.221,2026-06-10 07:32:31,2026-06-10 07:32:31,SSH brute force,2,0,Unknown ASN/Provider
45.156.87.254,2026-06-10 08:05:45,2026-06-12 11:42:16,SSH brute force,2,0,Unknown ASN/Provider
210.211.122.97,2026-06-10 08:18:29,2026-06-10 23:30:00,SSH brute force,119,1,Unknown ASN/Provider
124.70.167.181,2026-06-10 08:19:36,2026-06-10 08:19:36,SSH brute force,1,0,AS136907 - Huawei Cloud
85.93.90.92,2026-06-10 13:12:15,2026-06-10 13:12:18,SSH brute force,5,1,Unknown ASN/Provider
31.70.71.228,2026-06-10 17:12:35,2026-06-10 17:20:47,SSH brute force,5,1,Unknown ASN/Provider
34.147.71.207,2026-06-10 17:48:51,2026-06-10 17:48:57,SSH brute force,5,1,Unknown ASN/Provider
212.47.242.64,2026-06-10 18:10:33,2026-06-10 18:10:36,SSH brute force,5,1,Unknown ASN/Provider
152.32.146.214,2026-06-10 19:16:47,2026-06-10 19:16:47,SSH brute force,1,0,Unknown ASN/Provider
190.2.135.111,2026-06-10 23:26:39,2026-06-13 10:55:27,SSH brute force,10,2,Unknown ASN/Provider
218.157.163.203,2026-06-10 23:48:42,2026-06-11 03:09:34,SSH brute force,4,0,Unknown ASN/Provider
38.207.133.27,2026-06-11 02:25:40,2026-06-11 02:25:40,SSH brute force,1,0,Unknown ASN/Provider
43.160.253.60,2026-06-11 05:04:01,2026-06-11 05:04:07,SSH brute force,5,1,Unknown ASN/Provider
64.62.197.98,2026-06-11 05:33:31,2026-06-11 05:33:31,SSH brute force,1,0,Unknown ASN/Provider
34.77.138.242,2026-06-11 05:44:32,2026-06-11 05:44:32,SSH brute force,1,0,Unknown ASN/Provider
35.189.215.46,2026-06-11 05:44:38,2026-06-11 05:44:38,SSH brute force,1,0,Unknown ASN/Provider
89.23.113.208,2026-06-11 13:58:54,2026-06-11 14:11:51,SSH brute force,2,0,Unknown ASN/Provider
39.104.64.139,2026-06-11 14:20:50,2026-06-11 14:20:50,SSH brute force,1,0,Unknown ASN/Provider
34.62.20.180,2026-06-12 02:21:13,2026-06-12 02:21:13,SSH brute force,1,0,Unknown ASN/Provider
35.233.114.184,2026-06-12 02:23:33,2026-06-12 02:23:33,SSH brute force,1,0,Unknown ASN/Provider
47.79.238.97,2026-06-12 04:20:49,2026-06-12 04:20:49,SSH brute force,1,0,AS45102 - Alibaba Cloud
27.79.46.101,2026-06-12 04:24:35,2026-06-12 04:24:35,SSH brute force,1,0,Unknown ASN/Provider
171.231.192.219,2026-06-12 04:33:00,2026-06-12 05:07:50,SSH brute force,7,0,Unknown ASN/Provider
64.62.197.151,2026-06-12 04:57:58,2026-06-12 04:57:58,SSH brute force,1,0,Unknown ASN/Provider
222.89.169.98,2026-06-12 06:36:21,2026-06-12 06:36:21,SSH brute force,1,0,Unknown ASN/Provider
43.156.229.76,2026-06-12 07:25:59,2026-06-12 07:25:59,SSH brute force,1,0,Unknown ASN/Provider
2.192.136.250,2026-06-12 10:42:47,2026-06-12 10:43:07,SSH brute force,3,0,Unknown ASN/Provider
31.76.27.231,2026-06-12 10:57:44,2026-06-12 11:03:47,SSH brute force,2,0,Unknown ASN/Provider
193.163.187.123,2026-06-12 11:08:45,2026-06-12 11:08:59,SSH brute force,5,1,Unknown ASN/Provider
45.39.60.82,2026-06-12 11:14:14,2026-06-12 11:36:23,SSH brute force,7,1,Unknown ASN/Provider
20.235.157.149,2026-06-12 13:12:28,2026-06-12 13:12:37,SSH brute force,5,1,AS8075 - Microsoft Azure
117.50.130.182,2026-06-12 16:22:59,2026-06-12 16:22:59,SSH brute force,1,0,Unknown ASN/Provider
194.187.179.146,2026-06-12 17:53:02,2026-06-12 17:53:02,SSH brute force,1,0,Unknown ASN/Provider
45.156.87.147,2026-06-12 18:33:03,2026-06-12 18:33:03,SSH brute force,1,0,Unknown ASN/Provider
98.80.4.70,2026-06-12 18:58:29,2026-06-12 18:58:29,SSH brute force,1,0,Unknown ASN/Provider
185.92.26.140,2026-06-12 22:40:50,2026-06-12 22:40:50,Webmail (Roundcube) brute force,1,0,Unknown ASN/Provider
8.217.193.233,2026-06-13 01:04:53,2026-06-13 01:04:53,SSH brute force,1,0,Unknown ASN/Provider
38.110.4.150,2026-06-13 03:02:15,2026-06-13 03:02:16,SSH brute force,5,1,Unknown ASN/Provider
64.62.197.55,2026-06-13 04:19:30,2026-06-13 04:19:30,SSH brute force,1,0,Unknown ASN/Provider
176.193.141.80,2026-06-13 04:29:13,2026-06-13 19:40:56,SSH brute force,69,1,Unknown ASN/Provider
218.250.28.248,2026-06-13 04:56:00,2026-06-13 04:56:24,SSH brute force,5,1,Unknown ASN/Provider
152.32.174.171,2026-06-13 05:19:24,2026-06-13 05:19:24,SSH brute force,1,0,Unknown ASN/Provider
34.77.129.75,2026-06-13 07:20:02,2026-06-13 07:20:02,SSH brute force,1,0,Unknown ASN/Provider
45.156.87.204,2026-06-13 09:08:55,2026-06-13 09:08:55,SSH brute force,1,0,Unknown ASN/Provider
95.47.246.223,2026-06-13 09:18:03,2026-06-13 09:18:14,SSH brute force,5,1,Unknown ASN/Provider
115.190.119.177,2026-06-13 11:28:51,2026-06-13 11:28:51,SSH brute force,1,0,Unknown ASN/Provider
185.92.26.201,2026-06-13 12:33:27,2026-06-13 12:33:27,Webmail (Roundcube) brute force,1,0,Unknown ASN/Provider
47.86.171.75,2026-06-13 12:52:45,2026-06-13 12:52:45,SSH brute force,1,0,AS45102 - Alibaba Cloud
51.15.19.10,2026-06-13 13:26:29,2026-06-13 13:26:31,SSH brute force,5,1,Unknown ASN/Provider
103.49.62.60,2026-06-13 13:33:20,2026-06-13 13:33:29,SSH brute force,5,1,Unknown ASN/Provider
35.216.144.195,2026-06-13 14:08:11,2026-06-13 14:08:11,SSH brute force,1,0,Unknown ASN/Provider
176.65.132.129,2026-06-13 14:46:56,2026-06-13 14:46:56,SSH brute force,1,0,Unknown ASN/Provider
176.77.12.198,2026-06-13 15:20:37,2026-06-13 15:21:05,SSH brute force,5,1,Unknown ASN/Provider
118.194.235.105,2026-06-13 15:46:09,2026-06-13 15:46:09,SSH brute force,1,0,Unknown ASN/Provider
45.148.10.152,2026-06-13 16:08:31,2026-06-13 19:23:07,SSH brute force,5,0,Unknown ASN/Provider
45.227.254.170,2026-06-13 16:15:53,2026-06-13 18:06:40,SSH brute force,5,0,Unknown ASN/Provider
45.148.10.151,2026-06-13 16:29:51,2026-06-13 18:47:51,SSH brute force,3,0,Unknown ASN/Provider
45.148.10.157,2026-06-13 16:36:53,2026-06-13 18:34:13,SSH brute force,6,0,Unknown ASN/Provider
45.148.10.147,2026-06-13 17:04:33,2026-06-13 19:43:36,SSH brute force,7,0,Unknown ASN/Provider
45.148.10.141,2026-06-13 17:39:00,2026-06-13 19:50:26,SSH brute force,6,0,Unknown ASN/Provider
47.103.157.194,2026-06-13 19:05:59,2026-06-13 19:05:59,SSH brute force,1,0,AS45102 - Alibaba Cloud
185.92.26.155,2026-06-15 02:14:27,2026-06-15 02:14:27,IMAP/POP3 brute force,1,0,Unknown ASN/Provider
43.98.191.225,2026-06-15 12:13:31,2026-06-15 12:13:31,IMAP/POP3 brute force,1,0,Unknown ASN/Provider
104.243.245.4,2026-06-15 23:36:10,2026-06-16 00:17:55,IMAP/POP3 brute force,8,1,Unknown ASN/Provider
18.220.136.197,2026-06-16 12:47:21,2026-06-16 12:47:21,SMTP/mail brute force,1,0,AS16509 - Amazon AWS
85.217.149.6,2026-06-16 12:47:21,2026-06-16 12:47:21,SMTP/mail brute force,1,0,Unknown ASN/Provider
85.217.149.18,2026-06-16 12:59:24,2026-06-16 12:59:24,SMTP/mail brute force,1,0,Unknown ASN/Provider
71.6.232.24,2026-06-16 13:12:34,2026-06-30 16:09:49,SMTP/mail brute force,2,0,AS10439 - CariNet
3.130.168.2,2026-06-16 18:43:39,2026-06-30 13:26:28,SMTP/mail brute force,13,0,AS16509 - Amazon AWS
198.235.24.73,2026-06-16 19:43:36,2026-06-16 19:43:36,SMTP/mail brute force,1,0,Unknown ASN/Provider
185.242.226.19,2026-06-16 19:51:10,2026-06-28 09:43:45,SMTP/mail brute force,11,2,Unknown ASN/Provider
71.6.232.30,2026-06-16 21:10:37,2026-06-16 21:10:37,SMTP/mail brute force,1,0,AS10439 - CariNet
35.203.210.44,2026-06-17 02:11:17,2026-06-17 02:11:17,SMTP/mail brute force,1,0,AS396982 - Palo Alto Networks (Cortex Xpanse)
172.174.211.225,2026-06-17 02:25:05,2026-06-17 02:25:05,SMTP/mail brute force,1,0,AS8075 - Microsoft Azure
34.193.119.44,2026-06-17 05:08:26,2026-06-17 05:08:26,SMTP/mail brute force,1,0,AS16509 - Amazon AWS
207.154.216.114,2026-06-17 08:22:12,2026-06-17 08:22:14,SMTP/mail brute force,9,1,AS14061 - DigitalOcean
16.58.56.214,2026-06-17 11:38:13,2026-07-04 06:10:31,Repeat offender (recidive); SMTP/mail brute force,8,1,Unknown ASN/Provider
69.5.169.199,2026-06-17 12:28:49,2026-06-17 12:28:49,SMTP/mail brute force,1,0,Unknown ASN/Provider
184.105.247.194,2026-06-17 13:17:59,2026-06-17 13:17:59,SMTP/mail brute force,1,0,AS6939 - Hurricane Electric
18.116.101.220,2026-06-17 15:29:02,2026-07-05 19:40:01,Repeat offender (recidive); SMTP/mail brute force,18,1,AS16509 - VisionHeight (AWS)
178.16.52.249,2026-06-17 15:49:08,2026-06-17 15:49:08,SMTP/mail brute force,1,0,Unknown ASN/Provider
71.6.232.29,2026-06-24 11:50:16,2026-06-24 11:50:16,SMTP/mail brute force,1,0,AS10439 - CariNet
20.168.120.101,2026-06-24 14:25:45,2026-06-24 14:25:45,SMTP/mail brute force,1,0,AS8075 - Microsoft Azure
158.94.208.205,2026-06-24 17:24:44,2026-06-24 17:24:44,SMTP/mail brute force,1,0,AS202412 - Omegatech LTD
147.185.133.176,2026-06-24 19:04:03,2026-06-24 19:04:03,SMTP/mail brute force,1,0,AS15169 - Google Cloud
94.231.206.202,2026-06-24 19:47:07,2026-06-24 19:47:07,SMTP/mail brute force,1,0,Unknown ASN/Provider
20.40.216.95,2026-06-24 23:19:41,2026-07-05 01:44:36,SMTP/mail brute force,2,0,AS8075 - Microsoft Azure
198.235.24.55,2026-06-24 23:55:26,2026-06-24 23:55:26,SMTP/mail brute force,1,0,Unknown ASN/Provider
198.235.24.17,2026-06-25 02:09:56,2026-06-25 02:09:56,SMTP/mail brute force,1,0,Unknown ASN/Provider
91.230.168.122,2026-06-25 04:25:10,2026-06-25 04:25:10,SMTP/mail brute force,1,0,Unknown ASN/Provider
71.6.134.231,2026-06-25 04:44:34,2026-06-25 04:44:34,SMTP/mail brute force,1,0,AS10439 - CariNet
18.218.118.203,2026-06-25 10:37:34,2026-07-03 14:51:14,Repeat offender (recidive); SMTP/mail brute force,25,1,AS16509 - Amazon AWS
65.49.1.172,2026-06-25 13:45:02,2026-06-25 13:45:02,SMTP/mail brute force,1,0,AS701 - Shadowserver Foundation
20.42.92.153,2026-06-25 16:42:58,2026-06-25 16:42:58,SMTP/mail brute force,1,0,AS8075 - Microsoft Azure
20.163.15.227,2026-06-25 17:27:49,2026-06-25 17:27:49,SMTP/mail brute force,1,0,AS8075 - Microsoft Azure
45.144.212.172,2026-06-25 18:05:22,2026-06-25 18:05:22,SMTP/mail brute force,1,0,Unknown ASN/Provider
20.163.32.78,2026-06-25 19:31:19,2026-06-25 19:31:19,SMTP/mail brute force,2,0,AS8075 - Microsoft Azure
45.156.128.5,2026-06-25 19:40:47,2026-06-25 19:40:47,SMTP/mail brute force,1,0,Unknown ASN/Provider
205.210.31.103,2026-06-25 21:26:44,2026-06-25 21:26:44,SMTP/mail brute force,1,0,Unknown ASN/Provider
162.216.149.226,2026-06-26 02:14:52,2026-06-26 02:14:52,SMTP/mail brute force,1,0,AS15169 - Google Cloud
69.5.169.180,2026-06-26 04:19:44,2026-07-02 05:33:59,SMTP/mail brute force,2,0,Unknown ASN/Provider
205.210.31.148,2026-06-26 04:52:42,2026-06-30 06:21:17,SMTP/mail brute force,2,0,Unknown ASN/Provider
147.185.133.110,2026-06-26 05:42:31,2026-06-26 05:42:31,SMTP/mail brute force,1,0,AS15169 - Google Cloud
20.171.8.157,2026-06-26 05:47:57,2026-06-26 05:47:57,SMTP/mail brute force,1,0,AS8075 - Microsoft Azure
98.89.204.118,2026-06-26 06:19:45,2026-07-05 11:11:59,SMTP/mail brute force,2,0,Unknown ASN/Provider
118.194.248.4,2026-06-26 07:48:31,2026-06-26 07:48:55,SMTP/mail brute force,7,1,Unknown ASN/Provider
118.194.234.29,2026-06-26 13:00:05,2026-06-26 13:00:28,SMTP/mail brute force,5,1,Unknown ASN/Provider
184.105.247.254,2026-06-26 13:43:40,2026-06-26 13:43:40,SMTP/mail brute force,1,0,AS6939 - Hurricane Electric
64.89.163.9,2026-06-26 14:13:06,2026-07-07 19:41:21,SMTP/mail brute force,3,0,Unknown ASN/Provider
205.210.31.171,2026-06-26 19:09:59,2026-06-26 19:09:59,SMTP/mail brute force,1,0,Unknown ASN/Provider
198.235.24.152,2026-06-26 21:06:57,2026-06-26 21:06:57,SMTP/mail brute force,1,0,Unknown ASN/Provider
162.216.149.154,2026-06-26 21:59:30,2026-06-26 21:59:30,SMTP/mail brute force,1,0,AS15169 - Google Cloud
159.223.217.240,2026-06-26 22:02:14,2026-06-26 22:02:14,SMTP/mail brute force,1,0,AS14061 - DigitalOcean
45.142.154.40,2026-06-26 22:10:28,2026-06-26 22:10:32,SMTP/mail brute force,3,0,Unknown ASN/Provider
162.216.150.58,2026-06-26 22:26:30,2026-06-26 22:26:30,SMTP/mail brute force,1,0,AS15169 - Google Cloud
91.230.168.19,2026-06-26 23:46:07,2026-06-26 23:46:07,SMTP/mail brute force,1,0,Unknown ASN/Provider
35.203.211.48,2026-06-27 02:10:04,2026-07-04 18:21:13,SMTP/mail brute force,2,0,AS396982 - Palo Alto Networks (Cortex Xpanse)
66.227.30.163,2026-06-27 02:55:12,2026-06-27 02:55:12,Webmail (Roundcube) brute force,1,0,Unknown ASN/Provider
20.163.15.196,2026-06-27 04:56:37,2026-06-27 04:56:37,SMTP/mail brute force,1,0,AS8075 - Microsoft Azure
158.94.211.236,2026-06-27 07:37:24,2026-06-27 07:37:24,SMTP/mail brute force,1,0,AS202412 - Omegatech LTD
65.49.1.66,2026-06-27 07:56:13,2026-06-27 07:56:13,SMTP/mail brute force,1,0,AS701 - Shadowserver Foundation
101.36.97.80,2026-06-27 09:02:14,2026-06-27 09:02:37,SMTP/mail brute force,7,1,Unknown ASN/Provider
3.129.187.38,2026-06-27 10:49:25,2026-07-07 07:47:34,Repeat offender (recidive); SMTP/mail brute force,8,1,AS16509 - Amazon AWS
20.169.105.85,2026-06-27 11:46:14,2026-06-27 11:46:14,SMTP/mail brute force,1,0,AS8075 - Microsoft Azure
3.143.162.210,2026-06-27 18:33:48,2026-06-30 17:04:43,SMTP/mail brute force,7,0,AS16509 - Amazon AWS
193.32.162.103,2026-06-27 23:29:30,2026-06-27 23:29:47,SMTP/mail brute force,2,0,AS48282 / AS216071 - VDSina
94.231.206.35,2026-06-27 23:51:44,2026-06-27 23:51:44,SMTP/mail brute force,1,0,Unknown ASN/Provider
178.16.53.230,2026-06-28 04:14:11,2026-07-03 20:38:39,SMTP/mail brute force,2,0,Unknown ASN/Provider
69.5.169.185,2026-06-28 04:54:03,2026-06-28 04:54:03,SMTP/mail brute force,1,0,Unknown ASN/Provider
147.185.132.97,2026-06-28 05:02:00,2026-07-07 22:18:01,SMTP/mail brute force,2,0,AS15169 - Google Cloud
177.193.120.123,2026-06-28 12:55:36,2026-06-28 12:56:09,SMTP/mail brute force,2,0,Unknown ASN/Provider
64.62.156.10,2026-06-28 13:56:59,2026-07-08 01:30:29,SMTP/mail brute force,2,0,AS6939 - Hurricane Electric
47.239.14.56,2026-06-28 15:22:22,2026-06-28 15:22:27,SMTP/mail brute force,6,1,AS45102 - Alibaba Cloud
20.169.107.142,2026-06-28 15:40:58,2026-06-28 15:40:58,SMTP/mail brute force,1,0,AS8075 - Microsoft Azure
94.154.43.36,2026-06-28 16:20:14,2026-06-30 07:01:03,SMTP/mail brute force,2,0,Unknown ASN/Provider
3.132.26.232,2026-06-28 18:03:59,2026-06-28 18:03:59,SMTP/mail brute force,1,0,AS16509 - Amazon AWS
172.202.118.18,2026-06-28 18:20:37,2026-06-28 18:20:37,SMTP/mail brute force,1,0,AS8075 - Microsoft Azure
178.16.53.69,2026-06-28 19:10:01,2026-06-28 19:10:01,SMTP/mail brute force,1,0,Unknown ASN/Provider
162.216.150.99,2026-06-28 23:37:19,2026-06-28 23:37:19,SMTP/mail brute force,1,0,AS15169 - Google Cloud
20.221.60.108,2026-06-29 00:26:37,2026-06-29 00:26:37,SMTP/mail brute force,1,0,AS8075 - Microsoft Azure
35.203.210.142,2026-06-29 01:51:01,2026-06-29 01:53:14,SMTP/mail brute force,2,0,AS396982 - Palo Alto Networks (Cortex Xpanse)
205.210.31.170,2026-06-29 02:32:47,2026-06-29 02:32:47,SMTP/mail brute force,1,0,Unknown ASN/Provider
162.216.150.123,2026-06-29 05:29:37,2026-06-29 05:30:42,SMTP/mail brute force,3,0,AS15169 - Google Cloud
91.92.241.57,2026-06-29 05:32:21,2026-06-29 05:32:21,SMTP/mail brute force,1,0,Unknown ASN/Provider
185.169.4.229,2026-06-29 06:00:39,2026-06-29 06:00:39,SMTP/mail brute force,1,0,Unknown ASN/Provider
198.235.24.154,2026-06-29 06:07:01,2026-06-29 06:07:01,SMTP/mail brute force,1,0,Unknown ASN/Provider
64.62.156.94,2026-06-29 07:46:55,2026-06-29 07:46:55,SMTP/mail brute force,1,0,AS6939 - Hurricane Electric
34.230.221.101,2026-06-29 09:44:34,2026-07-02 08:48:25,SMTP/mail brute force,2,0,AS16509 - Amazon AWS
47.236.173.156,2026-06-29 09:47:41,2026-06-29 09:47:41,SMTP/mail brute force,1,0,AS45102 - Alibaba Cloud
47.84.84.243,2026-06-29 09:55:50,2026-06-29 09:55:50,IMAP/POP3 brute force,1,0,AS45102 - Alibaba Cloud
3.131.220.121,2026-06-29 11:38:34,2026-06-29 11:42:36,SMTP/mail brute force,4,0,AS16509 - Amazon AWS
135.222.40.73,2026-06-29 23:08:52,2026-06-29 23:08:52,SMTP/mail brute force,1,0,Unknown ASN/Provider
40.124.186.156,2026-06-29 23:19:44,2026-06-29 23:19:44,SMTP/mail brute force,2,0,AS8075 - Microsoft Azure
198.235.24.123,2026-06-30 03:04:51,2026-06-30 03:04:51,SMTP/mail brute force,1,0,Unknown ASN/Provider
20.168.123.0,2026-06-30 03:09:53,2026-06-30 03:09:53,SMTP/mail brute force,1,0,AS8075 - Microsoft Azure
69.5.169.239,2026-06-30 04:01:48,2026-06-30 04:01:48,SMTP/mail brute force,1,0,Unknown ASN/Provider
64.89.160.164,2026-06-30 08:38:28,2026-07-07 08:53:24,SMTP/mail brute force,4,0,Unknown ASN/Provider
184.105.139.68,2026-06-30 13:46:13,2026-07-02 11:06:50,SMTP/mail brute force,2,0,AS6939 - Hurricane Electric
141.98.9.87,2026-06-30 14:00:49,2026-06-30 14:00:49,SMTP/mail brute force,1,0,Unknown ASN/Provider
91.196.152.28,2026-06-30 15:18:06,2026-06-30 15:18:06,SMTP/mail brute force,1,0,Unknown ASN/Provider
147.185.132.210,2026-06-30 18:38:46,2026-06-30 18:38:46,SMTP/mail brute force,1,0,AS15169 - Google Cloud
198.235.24.131,2026-06-30 19:47:27,2026-06-30 19:47:27,SMTP/mail brute force,1,0,Unknown ASN/Provider
35.203.210.87,2026-07-01 00:32:44,2026-07-01 00:32:44,SMTP/mail brute force,1,0,AS396982 - Palo Alto Networks (Cortex Xpanse)
71.6.232.23,2026-07-01 00:46:38,2026-07-01 00:46:38,SMTP/mail brute force,1,0,AS10439 - CariNet
136.144.17.194,2026-07-01 01:25:56,2026-07-01 01:25:56,Webmail (Roundcube) brute force,1,0,Unknown ASN/Provider
136.144.17.203,2026-07-01 01:26:13,2026-07-01 01:26:13,Webmail (Roundcube) brute force,1,0,Unknown ASN/Provider
64.62.156.24,2026-07-01 01:39:54,2026-07-01 01:39:54,SMTP/mail brute force,1,0,AS6939 - Hurricane Electric
178.16.55.94,2026-07-01 03:29:54,2026-07-01 03:29:54,SMTP/mail brute force,1,0,Unknown ASN/Provider
20.64.105.221,2026-07-01 06:56:24,2026-07-01 06:56:24,SMTP/mail brute force,1,0,AS8075 - Microsoft Azure
216.25.89.138,2026-07-01 09:26:45,2026-07-01 09:26:45,SMTP/mail brute force,1,0,Unknown ASN/Provider
147.185.133.46,2026-07-01 09:53:52,2026-07-01 09:54:52,SMTP/mail brute force,2,0,AS15169 - Google Cloud
52.188.191.193,2026-07-01 14:42:32,2026-07-01 14:42:32,SMTP/mail brute force,1,0,AS8075 - Microsoft Azure
109.105.210.77,2026-07-01 19:33:26,2026-07-08 07:49:37,SMTP/mail brute force,3,0,Unknown ASN/Provider
94.231.206.153,2026-07-01 19:41:13,2026-07-01 19:41:13,SMTP/mail brute force,1,0,Unknown ASN/Provider
147.185.132.54,2026-07-01 21:45:48,2026-07-01 21:45:48,SMTP/mail brute force,1,0,AS15169 - Google Cloud
198.235.24.18,2026-07-01 23:12:23,2026-07-01 23:12:23,SMTP/mail brute force,1,0,Unknown ASN/Provider
195.184.76.247,2026-07-02 04:22:20,2026-07-02 04:22:20,SMTP/mail brute force,1,0,Unknown ASN/Provider
40.124.174.148,2026-07-02 04:53:54,2026-07-02 04:53:54,SMTP/mail brute force,1,0,AS8075 - Microsoft Azure
158.94.211.198,2026-07-02 07:32:44,2026-07-03 05:07:25,SMTP/mail brute force,2,0,AS202412 - Omegatech LTD
147.185.133.137,2026-07-02 08:34:13,2026-07-02 08:34:13,SMTP/mail brute force,1,0,AS15169 - Google Cloud
40.124.180.92,2026-07-02 12:26:37,2026-07-02 12:26:37,SMTP/mail brute force,1,0,AS8075 - Microsoft Azure
20.64.104.237,2026-07-02 12:40:14,2026-07-02 12:40:14,SMTP/mail brute force,1,0,AS8075 - Microsoft Azure
89.248.167.131,2026-07-02 14:40:50,2026-07-02 14:40:51,SMTP/mail brute force,2,0,Unknown ASN/Provider
162.216.150.253,2026-07-02 18:29:55,2026-07-02 18:29:55,SMTP/mail brute force,1,0,AS15169 - Google Cloud
185.169.4.167,2026-07-02 20:24:46,2026-07-02 20:24:46,SMTP/mail brute force,1,0,Unknown ASN/Provider
198.235.24.151,2026-07-02 20:39:43,2026-07-02 20:39:43,SMTP/mail brute force,1,0,Unknown ASN/Provider
20.168.5.245,2026-07-02 23:45:08,2026-07-02 23:45:08,SMTP/mail brute force,1,0,AS8075 - Microsoft Azure
71.6.134.235,2026-07-03 01:00:18,2026-07-03 01:00:18,SMTP/mail brute force,1,0,AS10439 - CariNet
20.80.88.32,2026-07-03 02:35:14,2026-07-03 02:35:14,SMTP/mail brute force,2,0,AS8075 - Microsoft Azure
205.210.31.152,2026-07-03 05:47:26,2026-07-03 05:47:26,SMTP/mail brute force,1,0,Unknown ASN/Provider
139.59.149.2,2026-07-03 06:00:03,2026-07-03 14:51:14,Repeat offender (recidive); SMTP/mail brute force,9,1,AS14061 - DigitalOcean
94.102.49.193,2026-07-03 06:21:19,2026-07-03 06:21:19,SMTP/mail brute force,1,0,AS35114 - Shodan
65.49.1.182,2026-07-03 09:40:10,2026-07-03 09:40:10,SMTP/mail brute force,1,0,AS701 - Shadowserver Foundation
35.203.210.254,2026-07-03 13:37:12,2026-07-03 13:37:12,SMTP/mail brute force,1,0,AS396982 - Palo Alto Networks (Cortex Xpanse)
147.185.132.86,2026-07-03 14:03:23,2026-07-03 14:03:23,SMTP/mail brute force,1,0,AS15169 - Google Cloud
57.152.34.196,2026-07-03 14:18:21,2026-07-03 14:18:21,SMTP/mail brute force,1,0,AS8075 - Microsoft Azure
128.14.237.43,2026-07-03 16:48:54,2026-07-03 16:49:16,Repeat offender (recidive); SMTP/mail brute force,5,1,Unknown ASN/Provider
198.235.24.104,2026-07-03 19:08:40,2026-07-03 19:08:40,SMTP/mail brute force,1,0,Unknown ASN/Provider
40.67.161.44,2026-07-03 19:52:33,2026-07-03 19:52:33,SMTP/mail brute force,1,0,AS8075 - Microsoft Azure
141.98.9.43,2026-07-03 20:01:57,2026-07-03 20:01:57,SMTP/mail brute force,1,0,Unknown ASN/Provider
205.210.31.29,2026-07-03 20:19:41,2026-07-03 20:19:41,SMTP/mail brute force,1,0,Unknown ASN/Provider
161.35.70.45,2026-07-03 22:02:18,2026-07-03 22:02:18,SMTP/mail brute force,1,0,AS14061 - DigitalOcean
91.230.168.240,2026-07-03 23:50:36,2026-07-03 23:50:36,SMTP/mail brute force,1,0,Unknown ASN/Provider
65.49.20.68,2026-07-04 04:26:34,2026-07-04 04:26:34,SMTP/mail brute force,1,0,AS701 - Shadowserver Foundation
35.203.211.163,2026-07-04 04:59:20,2026-07-04 04:59:20,SMTP/mail brute force,1,0,AS396982 - Palo Alto Networks (Cortex Xpanse)
45.82.78.108,2026-07-04 16:39:57,2026-07-04 16:39:57,SMTP/mail brute force,1,0,Unknown ASN/Provider
118.26.104.78,2026-07-04 19:16:55,2026-07-04 19:17:15,Repeat offender (recidive); SMTP/mail brute force,5,1,Unknown ASN/Provider
198.235.24.138,2026-07-04 20:12:37,2026-07-04 20:12:37,SMTP/mail brute force,1,0,Unknown ASN/Provider
147.185.132.90,2026-07-04 22:16:49,2026-07-04 22:16:49,SMTP/mail brute force,1,0,AS15169 - Google Cloud
162.216.149.103,2026-07-05 00:39:54,2026-07-05 00:39:54,SMTP/mail brute force,1,0,AS15169 - Google Cloud
152.32.133.191,2026-07-05 01:45:33,2026-07-05 01:45:38,Repeat offender (recidive); SMTP/mail brute force,4,1,AS135377 - UCLOUD Information Technology
20.168.127.154,2026-07-05 01:50:02,2026-07-05 01:50:02,SMTP/mail brute force,1,0,AS8075 - Microsoft Azure
193.32.162.211,2026-07-05 03:38:28,2026-07-05 03:38:28,SMTP/mail brute force,1,0,AS48282 / AS216071 - VDSina
91.231.89.146,2026-07-05 09:07:07,2026-07-05 09:07:07,SMTP/mail brute force,1,0,Unknown ASN/Provider
162.216.150.152,2026-07-05 17:51:50,2026-07-05 17:52:49,SMTP/mail brute force,2,0,AS15169 - Google Cloud
20.65.194.116,2026-07-05 18:04:11,2026-07-05 18:04:11,SMTP/mail brute force,1,0,AS8075 - Microsoft Azure
147.185.133.229,2026-07-05 18:19:25,2026-07-05 18:19:25,SMTP/mail brute force,1,0,AS15169 - Google Cloud
198.235.24.176,2026-07-05 21:23:43,2026-07-05 21:23:43,SMTP/mail brute force,1,0,Unknown ASN/Provider
158.94.211.16,2026-07-06 00:00:13,2026-07-06 00:00:13,SMTP/mail brute force,1,0,AS202412 - Omegatech LTD
205.210.31.158,2026-07-06 00:33:38,2026-07-06 00:33:38,SMTP/mail brute force,1,0,Unknown ASN/Provider
147.185.132.145,2026-07-06 02:02:48,2026-07-06 02:02:48,SMTP/mail brute force,1,0,AS15169 - Google Cloud
104.218.165.188,2026-07-06 06:05:37,2026-07-06 06:05:57,Repeat offender (recidive); SMTP/mail brute force,4,1,AS36352 - ColoCrossing
185.169.4.236,2026-07-06 06:12:19,2026-07-06 06:12:19,SMTP/mail brute force,1,0,Unknown ASN/Provider
40.124.173.206,2026-07-06 06:44:48,2026-07-06 06:44:48,SMTP/mail brute force,1,0,AS8075 - Microsoft Azure
156.229.21.54,2026-07-06 10:30:13,2026-07-06 10:30:33,Repeat offender (recidive); SMTP/mail brute force,5,1,AS47583 - Hostinger
20.81.46.136,2026-07-06 12:40:48,2026-07-06 12:40:48,SMTP/mail brute force,1,0,AS8075 - Microsoft Azure
47.83.114.17,2026-07-06 17:46:21,2026-07-06 17:46:23,Repeat offender (recidive); SMTP/mail brute force,6,1,AS45102 - Alibaba Cloud
147.185.132.19,2026-07-06 20:16:30,2026-07-06 20:16:30,SMTP/mail brute force,1,0,AS15169 - Google Cloud
80.66.72.211,2026-07-06 23:18:04,2026-07-07 03:38:53,SMTP/mail brute force,2,0,Unknown ASN/Provider
205.210.31.151,2026-07-07 00:30:24,2026-07-07 00:30:24,SMTP/mail brute force,1,0,Unknown ASN/Provider
64.89.163.160,2026-07-07 01:53:18,2026-07-07 01:53:18,SMTP/mail brute force,1,0,Unknown ASN/Provider
94.26.106.72,2026-07-07 02:30:34,2026-07-07 08:53:40,SMTP/mail brute force,4,0,Unknown ASN/Provider
47.236.183.26,2026-07-07 07:52:27,2026-07-07 07:52:27,SMTP/mail brute force,1,0,AS45102 - Alibaba Cloud
47.236.59.249,2026-07-07 07:58:16,2026-07-07 07:58:16,IMAP/POP3 brute force,1,0,AS45102 - Alibaba Cloud
40.124.120.52,2026-07-07 08:26:53,2026-07-07 08:26:53,SMTP/mail brute force,2,0,AS8075 - Microsoft Azure
172.174.244.189,2026-07-07 14:20:55,2026-07-07 14:20:55,SMTP/mail brute force,1,0,AS8075 - Microsoft Azure
162.216.149.218,2026-07-07 21:21:08,2026-07-07 21:26:25,Repeat offender (recidive); SMTP/mail brute force,4,1,AS15169 - Google Cloud
147.185.133.180,2026-07-07 23:30:00,2026-07-07 23:30:00,SMTP/mail brute force,1,0,AS15169 - Google Cloud
135.237.126.169,2026-07-08 01:02:12,2026-07-08 01:02:12,SMTP/mail brute force,1,0,Unknown ASN/Provider
198.235.24.9,2026-07-08 04:48:49,2026-07-08 04:48:49,SMTP/mail brute force,1,0,Unknown ASN/Provider
91.224.92.14,2026-07-08 05:08:39,2026-07-08 05:08:39,SMTP/mail brute force,1,0,Unknown ASN/Provider
13.219.1.233,2026-07-08 08:50:11,2026-07-08 08:50:11,SMTP/mail brute force,1,0,AS16509 - Amazon AWS
147.185.133.34,2026-07-08 09:37:33,2026-07-08 09:43:02,Repeat offender (recidive); SMTP/mail brute force,4,1,AS15169 - Google Cloud
35.203.211.111,2026-07-08 13:20:30,2026-07-08 13:21:29,SMTP/mail brute force,2,0,AS396982 - Palo Alto Networks (Cortex Xpanse)
71.6.167.142,2026-07-08 14:18:45,2026-07-08 14:18:45,SMTP/mail brute force,1,0,AS10439 - CariNet
193.32.162.193,2026-07-08 19:43:00,2026-07-08 19:44:25,Repeat offender (recidive); SMTP/mail brute force,4,1,AS48282 / AS216071 - VDSina
94.231.206.131,2026-07-08 20:33:01,2026-07-08 20:33:01,SMTP/mail brute force,1,0,Unknown ASN/Provider
20.83.167.28,2026-07-08 23:42:08,2026-07-08 23:42:08,SMTP/mail brute force,1,0,AS8075 - Microsoft Azure
20.65.193.83,2026-07-09 00:55:05,2026-07-09 00:55:05,SMTP/mail brute force,1,0,AS8075 - Microsoft Azure
198.235.24.84,2026-07-09 01:54:04,2026-07-09 01:54:04,SMTP/mail brute force,1,0,Unknown ASN/Provider
91.230.168.64,2026-07-09 04:22:27,2026-07-09 04:22:27,SMTP/mail brute force,1,0,Unknown ASN/Provider
198.235.24.145,2026-07-09 04:37:04,2026-07-09 04:37:04,SMTP/mail brute force,1,0,Unknown ASN/Provider
178.16.54.36,2026-07-09 06:17:02,2026-07-09 06:17:02,SMTP/mail brute force,1,0,Unknown ASN/Provider
20.121.67.158,2026-07-09 12:22:37,2026-07-09 12:22:37,SMTP/mail brute force,1,0,AS8075 - Microsoft Azure
18.219.28.201,2026-07-09 12:46:03,2026-07-09 12:47:06,Repeat offender (recidive); SMTP/mail brute force,4,1,AS16509 - Amazon AWS
93.174.95.106,2026-07-09 17:27:37,2026-07-09 17:27:38,Repeat offender (recidive); SMTP/mail brute force,8,1,Unknown ASN/Provider
161.35.211.5,2026-07-09 22:18:47,2026-07-09 22:18:48,Repeat offender (recidive); SMTP/mail brute force,8,1,AS14061 - DigitalOcean
205.210.31.165,2026-07-09 22:56:52,2026-07-09 22:56:52,SMTP/mail brute force,1,0,Unknown ASN/Provider
205.210.31.3,2026-07-09 23:26:42,2026-07-09 23:26:42,SMTP/mail brute force,1,0,Unknown ASN/Provider
162.216.149.144,2026-07-10 02:55:22,2026-07-10 02:55:22,SMTP/mail brute force,1,0,AS15169 - Google Cloud
164.90.232.37,2026-07-10 03:31:31,2026-07-10 03:31:33,Repeat offender (recidive); SMTP/mail brute force,10,1,AS14061 - DigitalOcean
66.240.219.146,2026-07-10 05:28:38,2026-07-10 05:28:38,SMTP/mail brute force,1,0,Unknown ASN/Provider
162.216.149.20,2026-07-10 05:40:06,2026-07-10 05:40:06,SMTP/mail brute force,1,0,AS15169 - Google Cloud
158.94.210.8,2026-07-10 05:49:46,2026-07-10 05:59:50,Repeat offender (recidive); SMTP/mail brute force,4,1,AS202412 - Omegatech LTD
